pkgOrFolder,class,method,auxScript
iris20140428,,,Contents
iris20140428,,,findtexmf
iris20140428,,,idoc
iris20140428,,,iris4octaveinstall
iris20140428,,,iris_structure
iris20140428,,,iriscleanup
iris20140428,,,irisconfig
iris20140428,,,irisconfigmaster
iris20140428,,,irisfinish
iris20140428,,,irisget
iris20140428,,,irispathmanager
iris20140428,,,irisrequired
iris20140428,,,irisreset
iris20140428,,,irisroot
iris20140428,,,irisset
iris20140428,,,irisstartup
iris20140428,,,irisuserconfighelp
iris20140428,,,irisversion
iris20140428,,,ismatlab
iris20140428,,,parseFile4inputParser
iris20140428,,,parseFile4isPackage
iris20140428,,,passvalopt
iris20140428/classlib,,,codecreator
iris20140428/classlib,,,esttime
iris20140428/classlib,,,progressbar
iris20140428/classlib,@FAVAR,VAR,
iris20140428/classlib,@FAVAR,mean,
iris20140428/classlib,@FAVAR,get,
iris20140428/classlib,@FAVAR,forecast,
iris20140428/classlib,@FAVAR,filter,
iris20140428/classlib,@FAVAR,estimate,
iris20140428/classlib,@FAVAR,eig,
iris20140428/classlib,@FAVAR,standardise,
iris20140428/classlib,@FAVAR,myny,
iris20140428/classlib,@FAVAR,destandardise,
iris20140428/classlib,@FAVAR,cc,
iris20140428/classlib,@FAVAR,estimatevar,
iris20140428/classlib,@FAVAR,pc,
iris20140428/classlib,@FAVAR,FAVAR,
iris20140428/classlib,@FAVAR,size,
iris20140428/classlib,@FAVAR,specget,
iris20140428/classlib,@FAVAR,empty,
iris20140428/classlib,@SVAR,SVAR,
iris20140428/classlib,@SVAR,sspace,
iris20140428/classlib,@SVAR,get,
iris20140428/classlib,@SVAR,specget,
iris20140428/classlib,@SVAR,specdisp,
iris20140428/classlib,@SVAR,mysubsalt,
iris20140428/classlib,@SVAR,mycompatible,
iris20140428/classlib,@SVAR,empty,
iris20140428/classlib,@VAR,subsasgn,
iris20140428/classlib,@VAR,subsref,
iris20140428/classlib,@VAR,xsf,
iris20140428/classlib,@VAR,vma,
iris20140428/classlib,@VAR,sspace,
iris20140428/classlib,@VAR,sprintf,
iris20140428/classlib,@VAR,simulate,
iris20140428/classlib,@VAR,schur,
iris20140428/classlib,@VAR,resample,
iris20140428/classlib,@VAR,portest,
iris20140428/classlib,@VAR,mean,
iris20140428/classlib,@VAR,lrtest,
iris20140428/classlib,@VAR,length,
iris20140428/classlib,@VAR,isstationary,
iris20140428/classlib,@VAR,isexplosive,
iris20140428/classlib,@VAR,iscompatible,
iris20140428/classlib,@VAR,integrate,
iris20140428/classlib,@VAR,instrument,
iris20140428/classlib,@VAR,infocrit,
iris20140428/classlib,@VAR,group,
iris20140428/classlib,@VAR,get,
iris20140428/classlib,@VAR,fprintf,
iris20140428/classlib,@VAR,forecast,
iris20140428/classlib,@VAR,fmse,
iris20140428/classlib,@VAR,filter,
iris20140428/classlib,@VAR,ferf,
iris20140428/classlib,@VAR,estimate,
iris20140428/classlib,@VAR,eig,
iris20140428/classlib,@VAR,demean,
iris20140428/classlib,@VAR,companion,
iris20140428/classlib,@VAR,backward,
iris20140428/classlib,@VAR,acf,
iris20140428/classlib,@VAR,assign,
iris20140428/classlib,@VAR,mysystem,
iris20140428/classlib,@VAR,myresponse,
iris20140428/classlib,@VAR,SVAR,
iris20140428/classlib,@VAR,specget,
iris20140428/classlib,@VAR,saveobj,
iris20140428/classlib,@VAR,end,
iris20140428/classlib,@VAR,specdisp,
iris20140428/classlib,@VAR,size,
iris20140428/classlib,@VAR,mysubsalt,
iris20140428/classlib,@VAR,mystackdata,
iris20140428/classlib,@VAR,myrngcmp,
iris20140428/classlib,@VAR,myprealloc,
iris20140428/classlib,@VAR,myny,
iris20140428/classlib,@VAR,myisvalidinpdata,
iris20140428/classlib,@VAR,myglsqweights,
iris20140428/classlib,@VAR,myfitted,
iris20140428/classlib,@VAR,mycompatible,
iris20140428/classlib,@VAR,restrict,
iris20140428/classlib,@VAR,loadobj,
iris20140428/classlib,@VAR,myglsq,
iris20140428/classlib,@VAR,mycovmatrix,
iris20140428/classlib,@VAR,mybmatrix,
iris20140428/classlib,@VAR,VAR,
iris20140428/classlib,@VAR,addparam,
iris20140428/classlib,@VAR,alter,
iris20140428/classlib,@VAR,hdatareq,
iris20140428/classlib,@VAR,mygroupmethod,
iris20140428/classlib,@VAR,rngcmp,
iris20140428/classlib,@VAR,empty,
iris20140428/classlib,@WorkerObjWrapper,WorkerObjWrapper,
iris20140428/classlib,@WorkerObjWrapper,delete,
iris20140428/classlib,@WorkerObjWrapper,workerDelete,
iris20140428/classlib,@WorkerObjWrapper,workerInit,
iris20140428/classlib,@WorkerObjWrapper,getNextID,
iris20140428/classlib,@WorkerObjWrapper,empty,
iris20140428/classlib,@cell,setxor,
iris20140428/classlib,@cell,regexp,
iris20140428/classlib,@cell,ismember,
iris20140428/classlib,@cell,mtimes,
iris20140428/classlib,@cell,intersect,
iris20140428/classlib,@cell,vec,
iris20140428/classlib,@cell,strtok,
iris20140428/classlib,@cell,unique,
iris20140428/classlib,@cell,strjust,
iris20140428/classlib,@cell,regexptranslate,
iris20140428/classlib,@cell,issorted,
iris20140428/classlib,@cell,regexpi,
iris20140428/classlib,@cell,plus,
iris20140428/classlib,@cell,newdepfun,
iris20140428/classlib,@cell,minus,
iris20140428/classlib,@cell,union,
iris20140428/classlib,@cell,setdiff,
iris20140428/classlib,@cell,accumarray,
iris20140428/classlib,@cell,regexprep,
iris20140428/classlib,@cell,cell2struct,
iris20140428/classlib,@cell,strmatch,
iris20140428/classlib,@cell,strcat,
iris20140428/classlib,@cell,nonunique,
iris20140428/classlib,@cell,strfind,
iris20140428/classlib,@cell,complex,
iris20140428/classlib,@cell,islogical,
iris20140428/classlib,@cell,issparse,
iris20140428/classlib,@cell,isreal,
iris20140428/classlib,@cell,plot,
iris20140428/classlib,@cell,end,
iris20140428/classlib,@cell,isempty,
iris20140428/classlib,@cell,isequal,
iris20140428/classlib,@cell,isequalwithequalnans,
iris20140428/classlib,@cell,isequaln,
iris20140428/classlib,@cell,isscalar,
iris20140428/classlib,@cell,isvector,
iris20140428/classlib,@cell,length,
iris20140428/classlib,@cell,ndims,
iris20140428/classlib,@cell,numel,
iris20140428/classlib,@cell,size,
iris20140428/classlib,@cell,isfloat,
iris20140428/classlib,@cell,isinteger,
iris20140428/classlib,@cell,isnumeric,
iris20140428/classlib,@cell,empty,
iris20140428/classlib,@cell,char,
iris20140428/classlib,@cell,colon,
iris20140428/classlib,@cell,cell,
iris20140428/classlib,@cell,double,
iris20140428/classlib,@cell,int16,
iris20140428/classlib,@cell,int32,
iris20140428/classlib,@cell,int64,
iris20140428/classlib,@cell,int8,
iris20140428/classlib,@cell,logical,
iris20140428/classlib,@cell,single,
iris20140428/classlib,@cell,uint16,
iris20140428/classlib,@cell,uint32,
iris20140428/classlib,@cell,uint64,
iris20140428/classlib,@cell,uint8,
iris20140428/classlib,@cell,function_handle,
iris20140428/classlib,@cell,subsasgn,
iris20140428/classlib,@cell,subsref,
iris20140428/classlib,@cell,cat,
iris20140428/classlib,@cell,horzcat,
iris20140428/classlib,@cell,vertcat,
iris20140428/classlib,@cell,subsindex,
iris20140428/classlib,@cell,transpose,
iris20140428/classlib,@cell,ctranspose,
iris20140428/classlib,@cell,permute,
iris20140428/classlib,@cell,reshape,
iris20140428/classlib,@cell,sort,
iris20140428/classlib,@container,display,
iris20140428/classlib,@container,disp,
iris20140428/classlib,@container,put,
iris20140428/classlib,@container,get,
iris20140428/classlib,@container,saveobj,
iris20140428/classlib,@container,clear,
iris20140428/classlib,@container,remove,
iris20140428/classlib,@container,unlocked,
iris20140428/classlib,@container,locked,
iris20140428/classlib,@container,islocked,
iris20140428/classlib,@container,unlock,
iris20140428/classlib,@container,lock,
iris20140428/classlib,@container,list,
iris20140428/classlib,@container,container,
iris20140428/classlib,@container,loadobj,
iris20140428/classlib,@container,error,
iris20140428/classlib,@container,request,
iris20140428/classlib,@container,empty,
iris20140428/classlib,@dbcollect,subsref,
iris20140428/classlib,@dbcollect,legend,
iris20140428/classlib,@dbcollect,fieldnames,
iris20140428/classlib,@dbcollect,error,
iris20140428/classlib,@dbcollect,container,
iris20140428/classlib,@dbcollect,dbcollect,
iris20140428/classlib,@dbcollect,empty,
iris20140428/classlib,@estimateobj,neighbourhood,
iris20140428/classlib,@estimateobj,objfunc,
iris20140428/classlib,@estimateobj,myparamstruct,
iris20140428/classlib,@estimateobj,myestimate,
iris20140428/classlib,@estimateobj,mydiffprior,
iris20140428/classlib,@estimateobj,myevalpprior,
iris20140428/classlib,@estimateobj,estimateobj,
iris20140428/classlib,@estimateobj,empty,
iris20140428/classlib,@fragileobj,restore,
iris20140428/classlib,@fragileobj,protectquotes,
iris20140428/classlib,@fragileobj,protectbraces,
iris20140428/classlib,@fragileobj,protectbrackets,
iris20140428/classlib,@fragileobj,regexppattern,
iris20140428/classlib,@fragileobj,length,
iris20140428/classlib,@fragileobj,isnan,
iris20140428/classlib,@fragileobj,isempty,
iris20140428/classlib,@fragileobj,dec2char,
iris20140428/classlib,@fragileobj,copytoend,
iris20140428/classlib,@fragileobj,cleanup,
iris20140428/classlib,@fragileobj,charcode,
iris20140428/classlib,@fragileobj,delete,
iris20140428/classlib,@fragileobj,fragileobj,
iris20140428/classlib,@fragileobj,char2dec,
iris20140428/classlib,@fragileobj,delim,
iris20140428/classlib,@fragileobj,position,
iris20140428/classlib,@fragileobj,empty,
iris20140428/classlib,@getsetobj,getsetobj,
iris20140428/classlib,@getsetobj,get,
iris20140428/classlib,@getsetobj,myalias,
iris20140428/classlib,@getsetobj,empty,
iris20140428/classlib,@grouping,set,
iris20140428/classlib,@grouping,get,
iris20140428/classlib,@grouping,splitgroup,
iris20140428/classlib,@grouping,rmgroup,
iris20140428/classlib,@grouping,isempty,
iris20140428/classlib,@grouping,eval,
iris20140428/classlib,@grouping,detail,
iris20140428/classlib,@grouping,addgroup,
iris20140428/classlib,@grouping,grouping,
iris20140428/classlib,@grouping,disp,
iris20140428/classlib,@grouping,empty,
iris20140428/classlib,@hdataobj,hdata2tseries,
iris20140428/classlib,@hdataobj,hdatainit,
iris20140428/classlib,@hdataobj,hdataassign,
iris20140428/classlib,@hdataobj,hdatafinal,
iris20140428/classlib,@hdataobj,hdataobj,
iris20140428/classlib,@hdataobj,empty,
iris20140428/classlib,@hlastsystobj,hlastsystobj,
iris20140428/classlib,@hlastsystobj,empty,
iris20140428/classlib,@likfunc,likfunc,
iris20140428/classlib,@likfunc,estimate,
iris20140428/classlib,@likfunc,eval,
iris20140428/classlib,@likfunc,data4eval,
iris20140428/classlib,@likfunc,objfunc,
iris20140428/classlib,@likfunc,disp,
iris20140428/classlib,@likfunc,myvalidate,
iris20140428/classlib,@likfunc,myparamstruct,
iris20140428/classlib,@likfunc,empty,
iris20140428/classlib,@model,zerodb,
iris20140428/classlib,@model,xsf,
iris20140428/classlib,@model,vma,
iris20140428/classlib,@model,VAR,
iris20140428/classlib,@model,system,
iris20140428/classlib,@model,sstatefile,
iris20140428/classlib,@model,sstatedb,
iris20140428/classlib,@model,sstate,
iris20140428/classlib,@model,sspace,
iris20140428/classlib,@model,srf,
iris20140428/classlib,@model,sprintf,
iris20140428/classlib,@model,solve,
iris20140428/classlib,@model,single,
iris20140428/classlib,@model,simulate,
iris20140428/classlib,@model,shockplot,
iris20140428/classlib,@model,set,
iris20140428/classlib,@model,rollback,
iris20140428/classlib,@model,resample,
iris20140428/classlib,@model,reporting,
iris20140428/classlib,@model,refresh,
iris20140428/classlib,@model,lognormal,
iris20140428/classlib,@model,loglik,
iris20140428/classlib,@model,lhsmrhs,
iris20140428/classlib,@model,jforecast,
iris20140428/classlib,@model,isstationary,
iris20140428/classlib,@model,issolved,
iris20140428/classlib,@model,isnan,
iris20140428/classlib,@model,ismissing,
iris20140428/classlib,@model,islog,
iris20140428/classlib,@model,iscompatible,
iris20140428/classlib,@model,irf,
iris20140428/classlib,@model,ifrf,
iris20140428/classlib,@model,icrf,
iris20140428/classlib,@model,get,
iris20140428/classlib,@model,fprintf,
iris20140428/classlib,@model,forecast,
iris20140428/classlib,@model,fmse,
iris20140428/classlib,@model,fisher,
iris20140428/classlib,@model,findeqtn,
iris20140428/classlib,@model,filter,
iris20140428/classlib,@model,ffrf,
iris20140428/classlib,@model,fevd,
iris20140428/classlib,@model,expand,
iris20140428/classlib,@model,evalsystempriors,
iris20140428/classlib,@model,estimate,
iris20140428/classlib,@model,eig,
iris20140428/classlib,@model,diffsrf,
iris20140428/classlib,@model,diffloglik,
iris20140428/classlib,@model,data4lhsmrhs,
iris20140428/classlib,@model,chksstate,
iris20140428/classlib,@model,bn,
iris20140428/classlib,@model,autoexogenise,
iris20140428/classlib,@model,assign,
iris20140428/classlib,@model,alter,
iris20140428/classlib,@model,acf,
iris20140428/classlib,@model,tolerance,
iris20140428/classlib,@model,specget,
iris20140428/classlib,@model,saveobj,
iris20140428/classlib,@model,isempty,
iris20140428/classlib,@model,objfunc,
iris20140428/classlib,@model,getnonlinobj,
iris20140428/classlib,@model,end,
iris20140428/classlib,@model,disp,
iris20140428/classlib,@model,datarequest,
iris20140428/classlib,@model,chk,
iris20140428/classlib,@model,myupdatemodel,
iris20140428/classlib,@model,mykalman,
iris20140428/classlib,@model,myget,
iris20140428/classlib,@model,myfindsspacepos,
iris20140428/classlib,@model,myfdlik,
iris20140428/classlib,@model,outputdbase,
iris20140428/classlib,@model,myvector,
iris20140428/classlib,@model,mytrendarray,
iris20140428/classlib,@model,mytransient,
iris20140428/classlib,@model,mysystem,
iris20140428/classlib,@model,mysymbdiff,
iris20140428/classlib,@model,mysubsalt,
iris20140428/classlib,@model,mystruct2obj,
iris20140428/classlib,@model,mysstateswap,
iris20140428/classlib,@model,mysstateopt,
iris20140428/classlib,@model,mysstatenonlin,
iris20140428/classlib,@model,mysstatelinear,
iris20140428/classlib,@model,mysspace,
iris20140428/classlib,@model,mysourcedb,
iris20140428/classlib,@model,mysolveopt,
iris20140428/classlib,@model,mysolvefail,
iris20140428/classlib,@model,mysolve,
iris20140428/classlib,@model,myshocktype,
iris20140428/classlib,@model,myreshape,
iris20140428/classlib,@model,myprepsimulate,
iris20140428/classlib,@model,mypreploglik,
iris20140428/classlib,@model,myparse,
iris20140428/classlib,@model,myparamstruct,
iris20140428/classlib,@model,myoptpolicy,
iris20140428/classlib,@model,myoccurrence,
iris20140428/classlib,@model,mynunit,
iris20140428/classlib,@model,mynamepattrepl,
iris20140428/classlib,@model,mymodel2model,
iris20140428/classlib,@model,mykalmanregoutp,
iris20140428/classlib,@model,myforecastswap,
iris20140428/classlib,@model,myfindoccur,
iris20140428/classlib,@model,myfind,
iris20140428/classlib,@model,myfinaleqtn,
iris20140428/classlib,@model,myfile2model,
iris20140428/classlib,@model,myeqtn2afcn,
iris20140428/classlib,@model,mydtrends4lik,
iris20140428/classlib,@model,mydtrendsrequest,
iris20140428/classlib,@model,mydiffloglik,
iris20140428/classlib,@model,myderiv,
iris20140428/classlib,@model,myd2s,
iris20140428/classlib,@model,myconsteqtn,
iris20140428/classlib,@model,mychksyntax,
iris20140428/classlib,@model,mychksstateopt,
iris20140428/classlib,@model,mychksstate,
iris20140428/classlib,@model,myblazer,
iris20140428/classlib,@model,myautoexogenise,
iris20140428/classlib,@model,myanchors,
iris20140428/classlib,@model,myalpha2xb,
iris20140428/classlib,@model,myaffectedeqtn,
iris20140428/classlib,@model,failed,
iris20140428/classlib,@model,loadobj,
iris20140428/classlib,@model,myoutoflik,
iris20140428/classlib,@model,mymse2var,
iris20140428/classlib,@model,myfourierdata,
iris20140428/classlib,@model,myexpand,
iris20140428/classlib,@model,model,
iris20140428/classlib,@model,addparam,
iris20140428/classlib,@model,findname,
iris20140428/classlib,@model,hdatareq,
iris20140428/classlib,@model,mypresimulate,
iris20140428/classlib,@model,myrf,
iris20140428/classlib,@model,myselect,
iris20140428/classlib,@model,mysymbeqtn,
iris20140428/classlib,@model,readnames,
iris20140428/classlib,@model,regress,
iris20140428/classlib,@model,empty,
iris20140428/classlib,@modelobj,modelobj,
iris20140428/classlib,@modelobj,subsref,
iris20140428/classlib,@modelobj,subsasgn,
iris20140428/classlib,@modelobj,stdscale,
iris20140428/classlib,@modelobj,reset,
iris20140428/classlib,@modelobj,omega,
iris20140428/classlib,@modelobj,length,
iris20140428/classlib,@modelobj,isname,
iris20140428/classlib,@modelobj,islinear,
iris20140428/classlib,@modelobj,iscompatible,
iris20140428/classlib,@modelobj,horzcat,
iris20140428/classlib,@modelobj,export,
iris20140428/classlib,@modelobj,emptydb,
iris20140428/classlib,@modelobj,chkpriors,
iris20140428/classlib,@modelobj,autocaption,
iris20140428/classlib,@modelobj,assign,
iris20140428/classlib,@modelobj,vertcat,
iris20140428/classlib,@modelobj,specget,
iris20140428/classlib,@modelobj,size,
iris20140428/classlib,@modelobj,saveobj,
iris20140428/classlib,@modelobj,mynameposition,
iris20140428/classlib,@modelobj,mysubsalt,
iris20140428/classlib,@modelobj,mytune2stdcorr,
iris20140428/classlib,@modelobj,mycorrnames,
iris20140428/classlib,@modelobj,myalias,
iris20140428/classlib,@modelobj,mynameindex,
iris20140428/classlib,@modelobj,mycombinestdcorr,
iris20140428/classlib,@modelobj,loadobj,
iris20140428/classlib,@modelobj,empty,
iris20140428/classlib,@namedmat,double,
iris20140428/classlib,@namedmat,vertcat,
iris20140428/classlib,@namedmat,transpose,
iris20140428/classlib,@namedmat,subsref,
iris20140428/classlib,@namedmat,subsasgn,
iris20140428/classlib,@namedmat,select,
iris20140428/classlib,@namedmat,rownames,
iris20140428/classlib,@namedmat,plot,
iris20140428/classlib,@namedmat,horzcat,
iris20140428/classlib,@namedmat,cutoff,
iris20140428/classlib,@namedmat,colnames,
iris20140428/classlib,@namedmat,disp,
iris20140428/classlib,@namedmat,namedmat,
iris20140428/classlib,@namedmat,empty,
iris20140428/classlib,@neuron,neuron,
iris20140428/classlib,@neuron,dOdP,
iris20140428/classlib,@neuron,dOdI,
iris20140428/classlib,@neuron,dOdA,
iris20140428/classlib,@neuron,dAdP,
iris20140428/classlib,@neuron,dAdI,
iris20140428/classlib,@neuron,copy,
iris20140428/classlib,@neuron,saliency,
iris20140428/classlib,@neuron,eval,
iris20140428/classlib,@neuron,set,
iris20140428/classlib,@neuron,empty,
iris20140428/classlib,@nnet,delete,
iris20140428/classlib,@nnet,isnan,
iris20140428/classlib,@nnet,prune,
iris20140428/classlib,@nnet,plot,
iris20140428/classlib,@nnet,eval,
iris20140428/classlib,@nnet,set,
iris20140428/classlib,@nnet,size,
iris20140428/classlib,@nnet,disp,
iris20140428/classlib,@nnet,nnet,
iris20140428/classlib,@nnet,vertcat,
iris20140428/classlib,@nnet,horzcat,
iris20140428/classlib,@nnet,datarequest,
iris20140428/classlib,@nnet,mysameio,
iris20140428/classlib,@nnet,myrange,
iris20140428/classlib,@nnet,rmnan,
iris20140428/classlib,@nnet,copy,
iris20140428/classlib,@nnet,myalias,
iris20140428/classlib,@nnet,estimate,
iris20140428/classlib,@nnet,myupdatemodel,
iris20140428/classlib,@nnet,objfunc,
iris20140428/classlib,@nnet,specget,
iris20140428/classlib,@nnet,empty,
iris20140428/classlib,@plan,set,
iris20140428/classlib,@plan,get,
iris20140428/classlib,@plan,subsref,
iris20140428/classlib,@plan,nonlinearise,
iris20140428/classlib,@plan,nnznonlin,
iris20140428/classlib,@plan,nnzexog,
iris20140428/classlib,@plan,nnzendog,
iris20140428/classlib,@plan,nnzcond,
iris20140428/classlib,@plan,isempty,
iris20140428/classlib,@plan,endogenise,
iris20140428/classlib,@plan,exogenise,
iris20140428/classlib,@plan,detail,
iris20140428/classlib,@plan,condition,
iris20140428/classlib,@plan,autoexogenise,
iris20140428/classlib,@plan,plan,
iris20140428/classlib,@plan,nonlinearize,
iris20140428/classlib,@plan,endogenize,
iris20140428/classlib,@plan,exogenize,
iris20140428/classlib,@plan,autoexogenize,
iris20140428/classlib,@plan,disp,
iris20140428/classlib,@plan,mydateindex,
iris20140428/classlib,@plan,mychngplan,
iris20140428/classlib,@plan,mychngrange,
iris20140428/classlib,@plan,specget,
iris20140428/classlib,@plan,empty,
iris20140428/classlib,@poster,stats,
iris20140428/classlib,@poster,eval,
iris20140428/classlib,@poster,arwm,
iris20140428/classlib,@poster,poster,
iris20140428/classlib,@poster,chkbounds,
iris20140428/classlib,@poster,setprior,
iris20140428/classlib,@poster,setbounds,
iris20140428/classlib,@poster,setupperbounds,
iris20140428/classlib,@poster,setlowerbounds,
iris20140428/classlib,@poster,mylogpost,
iris20140428/classlib,@poster,mysimulate,
iris20140428/classlib,@poster,myksdensity,
iris20140428/classlib,@poster,regen,
iris20140428/classlib,@poster,empty,
iris20140428/classlib,@preparser,saveas,
iris20140428/classlib,@preparser,disp,
iris20140428/classlib,@preparser,preparser,
iris20140428/classlib,@preparser,reporting,
iris20140428/classlib,@preparser,substitute,
iris20140428/classlib,@preparser,removecomments,
iris20140428/classlib,@preparser,readcode,
iris20140428/classlib,@preparser,pseudosubs,
iris20140428/classlib,@preparser,pseudofunc,
iris20140428/classlib,@preparser,controls,
iris20140428/classlib,@preparser,lincomb2vec,
iris20140428/classlib,@preparser,labeledexpr,
iris20140428/classlib,@preparser,grabcommentblk,
iris20140428/classlib,@preparser,export,
iris20140428/classlib,@preparser,eval,
iris20140428/classlib,@preparser,alt2str,
iris20140428/classlib,@preparser,myclone,
iris20140428/classlib,@preparser,mychkclonestring,
iris20140428/classlib,@preparser,empty,
iris20140428/classlib,@sstate,isempty,
iris20140428/classlib,@sstate,compile,
iris20140428/classlib,@sstate,get,
iris20140428/classlib,@sstate,sstate,
iris20140428/classlib,@sstate,parse,
iris20140428/classlib,@sstate,export,
iris20140428/classlib,@sstate,creategname,
iris20140428/classlib,@sstate,disp,
iris20140428/classlib,@sstate,template,
iris20140428/classlib,@sstate,error,
iris20140428/classlib,@sstate,chkreserved,
iris20140428/classlib,@sstate,specget,
iris20140428/classlib,@sstate,standalonemfile,
iris20140428/classlib,@sstate,empty,
iris20140428/classlib,@struct,plus,
iris20140428/classlib,@struct,ilu,
iris20140428/classlib,@struct,ichol,
iris20140428/classlib,@struct,mtimes,
iris20140428/classlib,@struct,struct2cell,
iris20140428/classlib,@struct,linsolve,
iris20140428/classlib,@struct,cholinc,
iris20140428/classlib,@struct,fieldnames,
iris20140428/classlib,@struct,maxabs0,
iris20140428/classlib,@struct,fields,
iris20140428/classlib,@struct,luinc,
iris20140428/classlib,@struct,amd,
iris20140428/classlib,@struct,maxabs,
iris20140428/classlib,@struct,minus,
iris20140428/classlib,@struct,rmfieldmatch,
iris20140428/classlib,@struct,and,
iris20140428/classlib,@struct,complex,
iris20140428/classlib,@struct,islogical,
iris20140428/classlib,@struct,issparse,
iris20140428/classlib,@struct,isreal,
iris20140428/classlib,@struct,plot,
iris20140428/classlib,@struct,end,
iris20140428/classlib,@struct,isempty,
iris20140428/classlib,@struct,isequal,
iris20140428/classlib,@struct,isequalwithequalnans,
iris20140428/classlib,@struct,isequaln,
iris20140428/classlib,@struct,isscalar,
iris20140428/classlib,@struct,isvector,
iris20140428/classlib,@struct,length,
iris20140428/classlib,@struct,ndims,
iris20140428/classlib,@struct,numel,
iris20140428/classlib,@struct,size,
iris20140428/classlib,@struct,isfloat,
iris20140428/classlib,@struct,isinteger,
iris20140428/classlib,@struct,isnumeric,
iris20140428/classlib,@struct,empty,
iris20140428/classlib,@struct,char,
iris20140428/classlib,@struct,colon,
iris20140428/classlib,@struct,cell,
iris20140428/classlib,@struct,double,
iris20140428/classlib,@struct,int16,
iris20140428/classlib,@struct,int32,
iris20140428/classlib,@struct,int64,
iris20140428/classlib,@struct,int8,
iris20140428/classlib,@struct,logical,
iris20140428/classlib,@struct,single,
iris20140428/classlib,@struct,uint16,
iris20140428/classlib,@struct,uint32,
iris20140428/classlib,@struct,uint64,
iris20140428/classlib,@struct,uint8,
iris20140428/classlib,@struct,function_handle,
iris20140428/classlib,@struct,subsasgn,
iris20140428/classlib,@struct,subsref,
iris20140428/classlib,@struct,cat,
iris20140428/classlib,@struct,horzcat,
iris20140428/classlib,@struct,vertcat,
iris20140428/classlib,@struct,subsindex,
iris20140428/classlib,@struct,transpose,
iris20140428/classlib,@struct,ctranspose,
iris20140428/classlib,@struct,permute,
iris20140428/classlib,@struct,reshape,
iris20140428/classlib,@struct,sort,
iris20140428/classlib,@svarobj,svarobj,
iris20140428/classlib,@svarobj,srf,
iris20140428/classlib,@svarobj,sort,
iris20140428/classlib,@svarobj,fevd,
iris20140428/classlib,@svarobj,irf,
iris20140428/classlib,@svarobj,specget,
iris20140428/classlib,@svarobj,mystructuralshocks,
iris20140428/classlib,@svarobj,myidentify,
iris20140428/classlib,@svarobj,specdisp,
iris20140428/classlib,@svarobj,mysubsalt,
iris20140428/classlib,@svarobj,myparsetest,
iris20140428/classlib,@svarobj,mycompatible,
iris20140428/classlib,@svarobj,mycovmatrix,
iris20140428/classlib,@svarobj,mybmatrix,
iris20140428/classlib,@svarobj,empty,
iris20140428/classlib,@sydney,isnumber,
iris20140428/classlib,@sydney,eq,
iris20140428/classlib,@sydney,le,
iris20140428/classlib,@sydney,lt,
iris20140428/classlib,@sydney,ge,
iris20140428/classlib,@sydney,gt,
iris20140428/classlib,@sydney,mpower,
iris20140428/classlib,@sydney,mldivide,
iris20140428/classlib,@sydney,ldivide,
iris20140428/classlib,@sydney,mrdivide,
iris20140428/classlib,@sydney,mtimes,
iris20140428/classlib,@sydney,minus,
iris20140428/classlib,@sydney,uplus,
iris20140428/classlib,@sydney,char,
iris20140428/classlib,@sydney,reduce,
iris20140428/classlib,@sydney,mydiff,
iris20140428/classlib,@sydney,diff,
iris20140428/classlib,@sydney,power,
iris20140428/classlib,@sydney,rdivide,
iris20140428/classlib,@sydney,times,
iris20140428/classlib,@sydney,plus,
iris20140428/classlib,@sydney,uminus,
iris20140428/classlib,@sydney,sydney,
iris20140428/classlib,@sydney,numdiff,
iris20140428/classlib,@sydney,diffxf,
iris20140428/classlib,@sydney,callfunc,
iris20140428/classlib,@sydney,parse,
iris20140428/classlib,@sydney,myeqtn2symb,
iris20140428/classlib,@sydney,mysymb2eqtn,
iris20140428/classlib,@sydney,myshift,
iris20140428/classlib,@sydney,mydiffeqtn,
iris20140428/classlib,@sydney,d,
iris20140428/classlib,@sydney,empty,
iris20140428/classlib,@systempriors,length,
iris20140428/classlib,@systempriors,isempty,
iris20140428/classlib,@systempriors,prior,
iris20140428/classlib,@systempriors,disp,
iris20140428/classlib,@systempriors,detail,
iris20140428/classlib,@systempriors,mydefinesystemfunc,
iris20140428/classlib,@systempriors,systempriors,
iris20140428/classlib,@systempriors,empty,
iris20140428/classlib,@theparser,theparser,
iris20140428/classlib,@theparser,specget,
iris20140428/classlib,@theparser,readblk,
iris20140428/classlib,@theparser,parsenames,
iris20140428/classlib,@theparser,parseflags,
iris20140428/classlib,@theparser,parseeqtns,
iris20140428/classlib,@theparser,parse,
iris20140428/classlib,@theparser,blkpos,
iris20140428/classlib,@theparser,altsyntax,
iris20140428/classlib,@theparser,stdcorrindex,
iris20140428/classlib,@theparser,model,
iris20140428/classlib,@theparser,assign,
iris20140428/classlib,@theparser,evaltimesubs,
iris20140428/classlib,@theparser,getalias,
iris20140428/classlib,@theparser,sstateonly,
iris20140428/classlib,@theparser,empty,
iris20140428/classlib,@tseries,tseries,
iris20140428/classlib,@tseries,yearly,
iris20140428/classlib,@tseries,x12,
iris20140428/classlib,@tseries,wmean,
iris20140428/classlib,@tseries,vertcat,
iris20140428/classlib,@tseries,trend,
iris20140428/classlib,@tseries,subsref,
iris20140428/classlib,@tseries,subsasgn,
iris20140428/classlib,@tseries,stem,
iris20140428/classlib,@tseries,stdise,
iris20140428/classlib,@tseries,startdate,
iris20140428/classlib,@tseries,spy,
iris20140428/classlib,@tseries,sort,
iris20140428/classlib,@tseries,size,
iris20140428/classlib,@tseries,singledata,
iris20140428/classlib,@tseries,single,
iris20140428/classlib,@tseries,scatter,
iris20140428/classlib,@tseries,round,
iris20140428/classlib,@tseries,rmse,
iris20140428/classlib,@tseries,resize,
iris20140428/classlib,@tseries,reshape,
iris20140428/classlib,@tseries,regress,
iris20140428/classlib,@tseries,range,
iris20140428/classlib,@tseries,plotpred,
iris20140428/classlib,@tseries,plotyy,
iris20140428/classlib,@tseries,plotcmp,
iris20140428/classlib,@tseries,plot,
iris20140428/classlib,@tseries,permute,
iris20140428/classlib,@tseries,pct,
iris20140428/classlib,@tseries,normalise,
iris20140428/classlib,@tseries,ndims,
iris20140428/classlib,@tseries,moving,
iris20140428/classlib,@tseries,llf2,
iris20140428/classlib,@tseries,llf,
iris20140428/classlib,@tseries,length,
iris20140428/classlib,@tseries,isscalar,
iris20140428/classlib,@tseries,isequal,
iris20140428/classlib,@tseries,isempty,
iris20140428/classlib,@tseries,interp,
iris20140428/classlib,@tseries,hpf2,
iris20140428/classlib,@tseries,hpf,
iris20140428/classlib,@tseries,hpdi,
iris20140428/classlib,@tseries,horzcat,
iris20140428/classlib,@tseries,get,
iris20140428/classlib,@tseries,freq,
iris20140428/classlib,@tseries,find,
iris20140428/classlib,@tseries,fft,
iris20140428/classlib,@tseries,expsmooth,
iris20140428/classlib,@tseries,errorbar,
iris20140428/classlib,@tseries,enddate,
iris20140428/classlib,@tseries,empty,
iris20140428/classlib,@tseries,doubledata,
iris20140428/classlib,@tseries,double,
iris20140428/classlib,@tseries,diff,
iris20140428/classlib,@tseries,detrend,
iris20140428/classlib,@tseries,destdise,
iris20140428/classlib,@tseries,daily,
iris20140428/classlib,@tseries,cumsumk,
iris20140428/classlib,@tseries,convert,
iris20140428/classlib,@tseries,conbar,
iris20140428/classlib,@tseries,comment,
iris20140428/classlib,@tseries,chowlin,
iris20140428/classlib,@tseries,bsxfun,
iris20140428/classlib,@tseries,bwf2,
iris20140428/classlib,@tseries,bwf,
iris20140428/classlib,@tseries,bpass,
iris20140428/classlib,@tseries,barcon,
iris20140428/classlib,@tseries,bar,
iris20140428/classlib,@tseries,arf,
iris20140428/classlib,@tseries,area,
iris20140428/classlib,@tseries,apct,
iris20140428/classlib,@tseries,acf,
iris20140428/classlib,@tseries,stdize,
iris20140428/classlib,@tseries,saveobj,
iris20140428/classlib,@tseries,replace,
iris20140428/classlib,@tseries,rangedata,
iris20140428/classlib,@tseries,normalize,
iris20140428/classlib,@tseries,maxabs,
iris20140428/classlib,@tseries,loadobj,
iris20140428/classlib,@tseries,specrange,
iris20140428/classlib,@tseries,divisia,
iris20140428/classlib,@tseries,df,
iris20140428/classlib,@tseries,destdize,
iris20140428/classlib,@tseries,cut,
iris20140428/classlib,@tseries,cat,
iris20140428/classlib,@tseries,mytrim,
iris20140428/classlib,@tseries,disp,
iris20140428/classlib,@tseries,dispcomment,
iris20140428/classlib,@tseries,catcheck,
iris20140428/classlib,@tseries,unop,
iris20140428/classlib,@tseries,binop,
iris20140428/classlib,@tseries,mystruct2obj,
iris20140428/classlib,@tseries,mylagorlead,
iris20140428/classlib,@tseries,myinit,
iris20140428/classlib,@tseries,mygetdata,
iris20140428/classlib,@tseries,myfilter,
iris20140428/classlib,@tseries,mydispheader,
iris20140428/classlib,@tseries,mytrend,
iris20140428/classlib,@tseries,mystdize,
iris20140428/classlib,@tseries,myshift,
iris20140428/classlib,@tseries,myplot,
iris20140428/classlib,@tseries,mypct,
iris20140428/classlib,@tseries,myprctile,
iris20140428/classlib,@tseries,mynanvar,
iris20140428/classlib,@tseries,mynansum,
iris20140428/classlib,@tseries,mynanstd,
iris20140428/classlib,@tseries,mynanmean,
iris20140428/classlib,@tseries,mymoving,
iris20140428/classlib,@tseries,myjusterrorbars,
iris20140428/classlib,@tseries,myhpdi,
iris20140428/classlib,@tseries,myexpsmooth,
iris20140428/classlib,@tseries,mydiff,
iris20140428/classlib,@tseries,mydestdize,
iris20140428/classlib,@tseries,mycumsumk,
iris20140428/classlib,@tseries,mychristianofitzgerald,
iris20140428/classlib,@tseries,mybpass,
iris20140428/classlib,@tseries,mybarcon,
iris20140428/classlib,@tseries,edit,
iris20140428/classlib,@tseries,numel,
iris20140428/classlib,@tseries,end,
iris20140428/classlib,@tseries,var,
iris20140428/classlib,@tseries,sum,
iris20140428/classlib,@tseries,std,
iris20140428/classlib,@tseries,pctile,
iris20140428/classlib,@tseries,prctile,
iris20140428/classlib,@tseries,mode,
iris20140428/classlib,@tseries,min,
iris20140428/classlib,@tseries,median,
iris20140428/classlib,@tseries,mean,
iris20140428/classlib,@tseries,max,
iris20140428/classlib,@tseries,geomean,
iris20140428/classlib,@tseries,cumsum,
iris20140428/classlib,@tseries,cumprod,
iris20140428/classlib,@tseries,all,
iris20140428/classlib,@tseries,any,
iris20140428/classlib,@tseries,gevinv,
iris20140428/classlib,@tseries,gevpdf,
iris20140428/classlib,@tseries,gevcdf,
iris20140428/classlib,@tseries,logninv,
iris20140428/classlib,@tseries,lognpdf,
iris20140428/classlib,@tseries,logncdf,
iris20140428/classlib,@tseries,norminv,
iris20140428/classlib,@tseries,normpdf,
iris20140428/classlib,@tseries,normcdf,
iris20140428/classlib,@tseries,uplus,
iris20140428/classlib,@tseries,uminus,
iris20140428/classlib,@tseries,times,
iris20140428/classlib,@tseries,tan,
iris20140428/classlib,@tseries,sqrt,
iris20140428/classlib,@tseries,sin,
iris20140428/classlib,@tseries,real,
iris20140428/classlib,@tseries,rdivide,
iris20140428/classlib,@tseries,prod,
iris20140428/classlib,@tseries,power,
iris20140428/classlib,@tseries,plus,
iris20140428/classlib,@tseries,or,
iris20140428/classlib,@tseries,not,
iris20140428/classlib,@tseries,norm,
iris20140428/classlib,@tseries,ne,
iris20140428/classlib,@tseries,nanvar,
iris20140428/classlib,@tseries,nansum,
iris20140428/classlib,@tseries,nanstd,
iris20140428/classlib,@tseries,nanmean,
iris20140428/classlib,@tseries,mtimes,
iris20140428/classlib,@tseries,mrdivide,
iris20140428/classlib,@tseries,mpower,
iris20140428/classlib,@tseries,mldivide,
iris20140428/classlib,@tseries,minus,
iris20140428/classlib,@tseries,lt,
iris20140428/classlib,@tseries,log10,
iris20140428/classlib,@tseries,log,
iris20140428/classlib,@tseries,le,
iris20140428/classlib,@tseries,ldivide,
iris20140428/classlib,@tseries,isreal,
iris20140428/classlib,@tseries,isnan,
iris20140428/classlib,@tseries,isinf,
iris20140428/classlib,@tseries,imag,
iris20140428/classlib,@tseries,gt,
iris20140428/classlib,@tseries,ge,
iris20140428/classlib,@tseries,floor,
iris20140428/classlib,@tseries,fix,
iris20140428/classlib,@tseries,exp,
iris20140428/classlib,@tseries,eq,
iris20140428/classlib,@tseries,cos,
iris20140428/classlib,@tseries,complex,
iris20140428/classlib,@tseries,ceil,
iris20140428/classlib,@tseries,atan2,
iris20140428/classlib,@tseries,atan,
iris20140428/classlib,@tseries,asin,
iris20140428/classlib,@tseries,and,
iris20140428/classlib,@tseries,acos,
iris20140428/classlib,@tseries,abs,
iris20140428/classlib,@tseries,bsxfunc,
iris20140428/classlib,@tseries,redate,
iris20140428/classlib,@tseries,windex,
iris20140428/classlib,@userdataobj,userdatafield,
iris20140428/classlib,@userdataobj,userdata,
iris20140428/classlib,@userdataobj,comment,
iris20140428/classlib,@userdataobj,caption,
iris20140428/classlib,@userdataobj,userdataobj,
iris20140428/classlib,@userdataobj,display,
iris20140428/classlib,@userdataobj,disp,
iris20140428/classlib,@userdataobj,dispuserdata,
iris20140428/classlib,@userdataobj,dispcomment,
iris20140428/classlib,@userdataobj,isequal,
iris20140428/classlib,@userdataobj,empty,
iris20140428/classlib,@varobj,nfitted,
iris20140428/classlib,@varobj,ispanel,
iris20140428/classlib,@varobj,isempty,
iris20140428/classlib,@varobj,horzcat,
iris20140428/classlib,@varobj,group,
iris20140428/classlib,@varobj,assign,
iris20140428/classlib,@varobj,vertcat,
iris20140428/classlib,@varobj,specget,
iris20140428/classlib,@varobj,myselect,
iris20140428/classlib,@varobj,myoutpdata,
iris20140428/classlib,@varobj,myinpdata,
iris20140428/classlib,@varobj,mydatarequest,
iris20140428/classlib,@varobj,disp,
iris20140428/classlib,@varobj,specdisp,
iris20140428/classlib,@varobj,myynames,
iris20140428/classlib,@varobj,mysubsalt,
iris20140428/classlib,@varobj,myprealloc,
iris20140428/classlib,@varobj,myny,
iris20140428/classlib,@varobj,mygroupnames,
iris20140428/classlib,@varobj,myenames,
iris20140428/classlib,@varobj,mycompatible,
iris20140428/classlib,@varobj,mytelltime,
iris20140428/classlib,@varobj,varobj,
iris20140428/classlib,@varobj,empty,
iris20140428/dates,,,Contents
iris20140428/dates,,,bb
iris20140428/dates,,,bbtoday
iris20140428/dates,,,clp2dat
iris20140428/dates,,,convert
iris20140428/dates,,,dat2char
iris20140428/dates,,,dat2charlist
iris20140428/dates,,,dat2clp
iris20140428/dates,,,dat2cmd
iris20140428/dates,,,dat2dec
iris20140428/dates,,,dat2str
iris20140428/dates,,,dat2ttrend
iris20140428/dates,,,dat2ypf
iris20140428/dates,,,datbom
iris20140428/dates,,,datboq
iris20140428/dates,,,datboy
iris20140428/dates,,,datcmp
iris20140428/dates,,,datcode
iris20140428/dates,,,datconsecutive
iris20140428/dates,,,datdefaults
iris20140428/dates,,,datdiff
iris20140428/dates,,,dateom
iris20140428/dates,,,dateoq
iris20140428/dates,,,dateoy
iris20140428/dates,,,dateq
iris20140428/dates,,,daterange
iris20140428/dates,,,datfreq
iris20140428/dates,,,datrange
iris20140428/dates,,,datxtick
iris20140428/dates,,,day2dec
iris20140428/dates,,,day2ww
iris20140428/dates,,,day2ypfweekly
iris20140428/dates,,,daysinyear
iris20140428/dates,,,dd
iris20140428/dates,,,ddtoday
iris20140428/dates,,,dec2dat
iris20140428/dates,,,dec2day
iris20140428/dates,,,freqcmp
iris20140428/dates,,,fwymonday
iris20140428/dates,,,hh
iris20140428/dates,,,hhtoday
iris20140428/dates,,,lwysunday
iris20140428/dates,,,mm
iris20140428/dates,,,mmtoday
iris20140428/dates,,,month2per
iris20140428/dates,,,mydatxtick
iris20140428/dates,,,olddat2str
iris20140428/dates,,,per2month
iris20140428/dates,,,qq
iris20140428/dates,,,qqtoday
iris20140428/dates,,,rngcmp
iris20140428/dates,,,rngfreq
iris20140428/dates,,,str2dat
iris20140428/dates,,,weekdayiso
iris20140428/dates,,,weeksinyear
iris20140428/dates,,,ww
iris20140428/dates,,,ww2day
iris20140428/dates,,,wwtoday
iris20140428/dates,,,yy
iris20140428/dates,,,yytoday
iris20140428/dates,,,zz
iris20140428/dates,,,zztoday
iris20140428/dbase,,,Contents
iris20140428/dbase,,,array2db
iris20140428/dbase,,,db2array
iris20140428/dbase,,,db2tseries
iris20140428/dbase,,,dbbatch
iris20140428/dbase,,,dbclip
iris20140428/dbase,,,dbcol
iris20140428/dbase,,,dbeval
iris20140428/dbase,,,dbexclude
iris20140428/dbase,,,dbextend
iris20140428/dbase,,,dbfun
iris20140428/dbase,,,dbload
iris20140428/dbase,,,dbmerge
iris20140428/dbase,,,dbminus
iris20140428/dbase,,,dbminuscontrol
iris20140428/dbase,,,dbmtimes
iris20140428/dbase,,,dbnames
iris20140428/dbase,,,dbplot
iris20140428/dbase,,,dbplus
iris20140428/dbase,,,dbprintuserdata
iris20140428/dbase,,,dbrange
iris20140428/dbase,,,dbredate
iris20140428/dbase,,,dbsave
iris20140428/dbase,,,dbsearchuserdata
iris20140428/dbase,,,dbsplit
iris20140428/dbase,,,dbuserdatalov
iris20140428/dbase,,,xls2csv
iris20140428/obsolete,,,amean
iris20140428/obsolete,,,arfilter
iris20140428/obsolete,,,bb2qq
iris20140428/obsolete,,,bb2yy
iris20140428/obsolete,,,bb2zz
iris20140428/obsolete,,,conlegend
iris20140428/obsolete,,,db2dpack
iris20140428/obsolete,,,dbase2tsd
iris20140428/obsolete,,,dbbinop
iris20140428/obsolete,,,dbfetch
iris20140428/obsolete,,,dbgen
iris20140428/obsolete,,,dbmake
iris20140428/obsolete,,,dboverwrite
iris20140428/obsolete,,,dbsub
iris20140428/obsolete,,,dbts2num
iris20140428/obsolete,,,dbunop
iris20140428/obsolete,,,fanchart
iris20140428/obsolete,,,fetch
iris20140428/obsolete,,,fromaremos
iris20140428/obsolete,,,gettimescale
iris20140428/obsolete,,,grayarea
iris20140428/obsolete,,,greyarea
iris20140428/obsolete,,,hp
iris20140428/obsolete,,,hpgap
iris20140428/obsolete,,,hpprior
iris20140428/obsolete,,,hwbpf
iris20140428/obsolete,,,loadstruct
iris20140428/obsolete,,,loghpf
iris20140428/obsolete,,,loghpgap
iris20140428/obsolete,,,maxloglik
iris20140428/obsolete,,,mm2bb
iris20140428/obsolete,,,mm2qq
iris20140428/obsolete,,,mm2yy
iris20140428/obsolete,,,mm2zz
iris20140428/obsolete,,,outside
iris20140428/obsolete,,,par
iris20140428/obsolete,,,pc
iris20140428/obsolete,,,pcprior
iris20140428/obsolete,,,plotrecon
iris20140428/obsolete,,,printout
iris20140428/obsolete,,,qq2yy
iris20140428/obsolete,,,qq2zz
iris20140428/obsolete,,,reconfig
iris20140428/obsolete,,,rexpn
iris20140428/obsolete,,,rwwn
iris20140428/obsolete,,,rwwnprior
iris20140428/obsolete,,,savestruct
iris20140428/obsolete,,,toaremos
iris20140428/obsolete,,,tsd2dbase
iris20140428/obsolete,,,xs2phase
iris20140428/obsolete,,,zz2yy
iris20140428/shortcuts,,,bottomlegend
iris20140428/shortcuts,,,dboverlay
iris20140428/shortcuts,,,findnames
iris20140428/shortcuts,,,ftitle
iris20140428/shortcuts,,,highlight
iris20140428/shortcuts,,,hline
iris20140428/shortcuts,,,maxfigure
iris20140428/shortcuts,,,movetosubplot
iris20140428/shortcuts,,,nextplot
iris20140428/shortcuts,,,ploteig
iris20140428/shortcuts,,,plotmat
iris20140428/shortcuts,,,plotneigh
iris20140428/shortcuts,,,plotpp
iris20140428/shortcuts,,,predplot
iris20140428/shortcuts,,,qplot
iris20140428/shortcuts,,,qstyle
iris20140428/shortcuts,,,qtitle
iris20140428/shortcuts,,,rvar
iris20140428/shortcuts,,,ucircle
iris20140428/shortcuts,,,vline
iris20140428/shortcuts,,,zeroline
iris20140428/utils,,,back2highCharCode
iris20140428/utils,,,baracf
iris20140428/utils,,,barboxes
iris20140428/utils,,,char2double
iris20140428/utils,,,char2file
iris20140428/utils,,,file2char
iris20140428/utils,,,findnaninf
iris20140428/utils,,,frf2gain
iris20140428/utils,,,frf2phase
iris20140428/utils,,,getrealsmall
iris20140428/utils,,,getsample
iris20140428/utils,,,ginverse
iris20140428/utils,,,highCharCode2utf8
iris20140428/utils,,,interpmatch
iris20140428/utils,,,loadasfrom
iris20140428/utils,,,maxabs
iris20140428/utils,,,maxabs0
iris20140428/utils,,,maxabsinf
iris20140428/utils,,,mychar
iris20140428/utils,,,myisa
iris20140428/utils,,,myregexprep
iris20140428/utils,,,mystr2func
iris20140428/utils,,,mytextscan
iris20140428/utils,,,nanmaxabs
iris20140428/utils,,,nextsubplot
iris20140428/utils,,,randnlatin
iris20140428/utils,,,randsn
iris20140428/utils,,,rank3d
iris20140428/utils,,,reporting
iris20140428/utils,,,saveasto
iris20140428/utils,,,select
iris20140428/utils,,,snormpdf
iris20140428/utils,,,sstatefile
iris20140428/utils,,,tickyears
iris20140428/utils,,,xsf2coher
iris20140428/utils,,,xsf2gain
iris20140428/utils,,,xsf2phase
iris20140428/utils,,,xtickfrq2per
iris20140428/+BVAR,,,Contents
iris20140428/+BVAR,,,covmat
iris20140428/+BVAR,,,litterman
iris20140428/+BVAR,,,mydummymat
iris20140428/+BVAR,,,sumofcoeff
iris20140428/+BVAR,,,uncmean
iris20140428/+BVAR,,,user
iris20140428/+BVAR,@bvarobj,dummyobs,
iris20140428/+BVAR,@bvarobj,isempty,
iris20140428/+BVAR,@bvarobj,bvarobj,
iris20140428/+BVAR,@bvarobj,empty,
iris20140428/+Contents,,,VARs
iris20140428/+Contents,,,data
iris20140428/+Contents,,,index
iris20140428/+Contents,,,models
iris20140428/+Contents,,,reporting
iris20140428/+Contents,,,sessions
iris20140428/+config,,,Contents
iris20140428/+covfun,,,acovf
iris20140428/+covfun,,,acovfsmp
iris20140428/+covfun,,,cov2corr
iris20140428/+covfun,,,cov2stdcorr
iris20140428/+covfun,,,cov2var
iris20140428/+covfun,,,factorise
iris20140428/+covfun,,,lyapunov
iris20140428/+covfun,,,orthonorm
iris20140428/+covfun,,,popregress
iris20140428/+covfun,,,stdcorr2cov
iris20140428/+dest,,,kcluster
iris20140428/+freqdom,,,applyfilteropt
iris20140428/+freqdom,,,ffrf
iris20140428/+freqdom,,,ffrf2
iris20140428/+freqdom,,,ffrf3
iris20140428/+freqdom,,,ffrfanalytic
iris20140428/+freqdom,,,ifrf
iris20140428/+freqdom,,,psf2sdf
iris20140428/+freqdom,,,xsf
iris20140428/+freqdom,,,xsf2acf
iris20140428/+freqdom,,,xsfvar
iris20140428/+gettinghelp,,,Contents
iris20140428/+grfun,,,Contents
iris20140428/+grfun,,,axisoneitherside
iris20140428/+grfun,,,bardatatips
iris20140428/+grfun,,,bottomlegend
iris20140428/+grfun,,,clicktocopy
iris20140428/+grfun,,,excludefromlegend
iris20140428/+grfun,,,ftitle
iris20140428/+grfun,,,halegend
iris20140428/+grfun,,,highlight
iris20140428/+grfun,,,hline
iris20140428/+grfun,,,listener
iris20140428/+grfun,,,maxfigure
iris20140428/+grfun,,,movetobkg
iris20140428/+grfun,,,movetosubplot
iris20140428/+grfun,,,myaxinp
iris20140428/+grfun,,,mycaption
iris20140428/+grfun,,,mychkforpeers
iris20140428/+grfun,,,myobjbounds
iris20140428/+grfun,,,myreplacenancols
iris20140428/+grfun,,,mystyleprocessor
iris20140428/+grfun,,,mytrigexcludedfromlegend
iris20140428/+grfun,,,nextplot
iris20140428/+grfun,,,plotbounds
iris20140428/+grfun,,,plotcircle
iris20140428/+grfun,,,plotcmpsstate
iris20140428/+grfun,,,ploteig
iris20140428/+grfun,,,plotmat
iris20140428/+grfun,,,plotneigh
iris20140428/+grfun,,,plotpp
iris20140428/+grfun,,,printpdf
iris20140428/+grfun,,,swaplhsrhs
iris20140428/+grfun,,,title
iris20140428/+grfun,,,ucircle
iris20140428/+grfun,,,vline
iris20140428/+grfun,,,xaxistight
iris20140428/+grfun,,,yaxisreformat
iris20140428/+grfun,,,yaxistight
iris20140428/+grfun,,,zeroline
iris20140428/+irisopt,,,FAVAR
iris20140428/+irisopt,,,IRIS
iris20140428/+irisopt,,,PVAR
iris20140428/+irisopt,,,SVAR
iris20140428/+irisopt,,,VAR
iris20140428/+irisopt,,,bkw
iris20140428/+irisopt,,,bkwmodel
iris20140428/+irisopt,,,dates
iris20140428/+irisopt,,,dbase
iris20140428/+irisopt,,,dest
iris20140428/+irisopt,,,estimateobj
iris20140428/+irisopt,,,fragileobj
iris20140428/+irisopt,,,freqdom
iris20140428/+irisopt,,,grfun
iris20140428/+irisopt,,,grouping
iris20140428/+irisopt,,,latex
iris20140428/+irisopt,,,likfunc
iris20140428/+irisopt,,,model
iris20140428/+irisopt,,,modelobj
iris20140428/+irisopt,,,nnet
iris20140428/+irisopt,,,optim
iris20140428/+irisopt,,,poster
iris20140428/+irisopt,,,preparser
iris20140428/+irisopt,,,qreport
iris20140428/+irisopt,,,quickreport
iris20140428/+irisopt,,,report
iris20140428/+irisopt,,,sstate
iris20140428/+irisopt,,,strfun
iris20140428/+irisopt,,,systemfit
iris20140428/+irisopt,,,systempriors
iris20140428/+irisopt,,,tseries
iris20140428/+irisopt,,,varobj
iris20140428/+is,,,FAVAR
iris20140428/+is,,,SVAR
iris20140428/+is,,,VAR
iris20140428/+is,,,anychar
iris20140428/+is,,,anychari
iris20140428/+is,,,cellfunc
iris20140428/+is,,,cellstrwithnans
iris20140428/+is,,,eye
iris20140428/+is,,,func
iris20140428/+is,,,hg2
iris20140428/+is,,,intscalar
iris20140428/+is,,,logicalscalar
iris20140428/+is,,,model
iris20140428/+is,,,numericscalar
iris20140428/+is,,,plan
iris20140428/+is,,,plotdateformat
iris20140428/+is,,,round
iris20140428/+is,,,tseries
iris20140428/+kalman,,,cont
iris20140428/+kalman,,,correct
iris20140428/+kalman,,,init
iris20140428/+kalman,,,onestepbackmean
iris20140428/+kalman,,,oolik
iris20140428/+kalman,,,pa2pb
iris20140428/+kalman,,,ped
iris20140428/+latex,,,compilepdf
iris20140428/+latex,,,epstopdf
iris20140428/+latex,,,findeps2pdf
iris20140428/+latex,,,howtopublish
iris20140428/+latex,,,howtorun
iris20140428/+latex,,,interpretplain
iris20140428/+latex,,,makereadmefirst
iris20140428/+latex,,,matlab
iris20140428/+latex,,,mfile2intro
iris20140428/+latex,,,ps2pdf
iris20140428/+latex,,,publish
iris20140428/+latex/+xml,,,xml2tex
iris20140428/+latex/+xml,,,xpath
iris20140428/+logdist,,,Contents
iris20140428/+logdist,,,beta
iris20140428/+logdist,,,chisquare
iris20140428/+logdist,,,gamma
iris20140428/+logdist,,,invgamma
iris20140428/+logdist,,,lognormal
iris20140428/+logdist,,,mychkstd
iris20140428/+logdist,,,mygamma
iris20140428/+logdist,,,normal
iris20140428/+logdist,,,t
iris20140428/+logdist,,,uniform
iris20140428/+logprior,,,beta
iris20140428/+logprior,,,gamma
iris20140428/+logprior,,,invgamma
iris20140428/+logprior,,,lognormal
iris20140428/+logprior,,,normal
iris20140428/+logprior,,,uniform
iris20140428/+modellang,,,Contents
iris20140428/+modellang,,,alias
iris20140428/+modellang,,,allbut
iris20140428/+modellang,,,autoexogenise
iris20140428/+modellang,,,blockcomments
iris20140428/+modellang,,,case
iris20140428/+modellang,,,diff
iris20140428/+modellang,,,difflog
iris20140428/+modellang,,,do
iris20140428/+modellang,,,dot
iris20140428/+modellang,,,dtrends
iris20140428/+modellang,,,else
iris20140428/+modellang,,,end
iris20140428/+modellang,,,exactnonlin
iris20140428/+modellang,,,exogenousvariables
iris20140428/+modellang,,,export
iris20140428/+modellang,,,for
iris20140428/+modellang,,,if
iris20140428/+modellang,,,import
iris20140428/+modellang,,,laglead
iris20140428/+modellang,,,linecomments
iris20140428/+modellang,,,links
iris20140428/+modellang,,,logvariables
iris20140428/+modellang,,,measurementequations
iris20140428/+modellang,,,measurementshocks
iris20140428/+modellang,,,measurementvariables
iris20140428/+modellang,,,min
iris20140428/+modellang,,,movavg
iris20140428/+modellang,,,movprod
iris20140428/+modellang,,,movsum
iris20140428/+modellang,,,parameters
iris20140428/+modellang,,,pseudosubs
iris20140428/+modellang,,,regexpression
iris20140428/+modellang,,,sstateref
iris20140428/+modellang,,,sstateversion
iris20140428/+modellang,,,substitutions
iris20140428/+modellang,,,switch
iris20140428/+modellang,,,transitionequations
iris20140428/+modellang,,,transitionshocks
iris20140428/+modellang,,,transitionvariables
iris20140428/+modellang,,,ttrend
iris20140428/+modellang,,,userdiff
iris20140428/+optim,,,myoptimopts
iris20140428/+optim,,,pso
iris20140428/+optim,,,scoreDiversity
iris20140428/+poly,,,poly2var
iris20140428/+poly,,,polyprod
iris20140428/+poly,,,polysum
iris20140428/+poly,,,var2poly
iris20140428/+qreport,,,Contents
iris20140428/+qreport,,,qplot
iris20140428/+qreport,,,qplot3
iris20140428/+qreport,,,qreport
iris20140428/+qreport,,,qstyle
iris20140428/+qreportlang,,,Contents
iris20140428/+qreportlang,,,bargraph
iris20140428/+qreportlang,,,blank
iris20140428/+qreportlang,,,errorbargraph
iris20140428/+qreportlang,,,figure
iris20140428/+qreportlang,,,histgraph
iris20140428/+qreportlang,,,linebreak
iris20140428/+qreportlang,,,linegraph
iris20140428/+qreportlang,,,stemgraph
iris20140428/+qreportlang,,,subplot
iris20140428/+qreportlang,,,subtitle
iris20140428/+report,,,Contents
iris20140428/+report,,,align
iris20140428/+report,,,array
iris20140428/+report,,,band
iris20140428/+report,,,copy
iris20140428/+report,,,disp
iris20140428/+report,,,display
iris20140428/+report,,,empty
iris20140428/+report,,,fanchart
iris20140428/+report,,,figure
iris20140428/+report,,,findall
iris20140428/+report,,,graph
iris20140428/+report,,,highlight
iris20140428/+report,,,include
iris20140428/+report,,,matrix
iris20140428/+report,,,merge
iris20140428/+report,,,modelfile
iris20140428/+report,,,new
iris20140428/+report,,,pagebreak
iris20140428/+report,,,publish
iris20140428/+report,,,section
iris20140428/+report,,,series
iris20140428/+report,,,subheading
iris20140428/+report,,,table
iris20140428/+report,,,tex
iris20140428/+report,,,userfigure
iris20140428/+report,,,vline
iris20140428/+report,@alignobj,setoptions,
iris20140428/+report,@alignobj,specargin,
iris20140428/+report,@alignobj,alignobj,
iris20140428/+report,@alignobj,accepts,
iris20140428/+report,@alignobj,speclatexcode,
iris20140428/+report,@alignobj,empty,
iris20140428/+report,@annotateobj,specargin,
iris20140428/+report,@annotateobj,annotateobj,
iris20140428/+report,@annotateobj,empty,
iris20140428/+report,@arrayobj,specargin,
iris20140428/+report,@arrayobj,arrayobj,
iris20140428/+report,@arrayobj,speclatexcode,
iris20140428/+report,@arrayobj,empty,
iris20140428/+report,@bandobj,chkconsistency,
iris20140428/+report,@bandobj,plot,
iris20140428/+report,@bandobj,latexonerow,
iris20140428/+report,@bandobj,setoptions,
iris20140428/+report,@bandobj,specargin,
iris20140428/+report,@bandobj,bandobj,
iris20140428/+report,@bandobj,speclatexcode,
iris20140428/+report,@bandobj,empty,
iris20140428/+report,@basefigureobj,setoptions,
iris20140428/+report,@basefigureobj,specargin,
iris20140428/+report,@basefigureobj,basefigureobj,
iris20140428/+report,@basefigureobj,speclatexcode,
iris20140428/+report,@basefigureobj,myplot,
iris20140428/+report,@basefigureobj,mysubplot,
iris20140428/+report,@basefigureobj,mycompilepdf,
iris20140428/+report,@basefigureobj,empty,
iris20140428/+report,@condformatobj,testnformat,
iris20140428/+report,@condformatobj,assign,
iris20140428/+report,@condformatobj,condformatobj,
iris20140428/+report,@condformatobj,empty,
iris20140428/+report,@emptyobj,subplot,
iris20140428/+report,@emptyobj,plot,
iris20140428/+report,@emptyobj,setoptions,
iris20140428/+report,@emptyobj,specargin,
iris20140428/+report,@emptyobj,emptyobj,
iris20140428/+report,@emptyobj,speclatexcode,
iris20140428/+report,@emptyobj,empty,
iris20140428/+report,@fanchartobj,plot,
iris20140428/+report,@fanchartobj,specargin,
iris20140428/+report,@fanchartobj,fanchartobj,
iris20140428/+report,@fanchartobj,empty,
iris20140428/+report,@figureobj,setoptions,
iris20140428/+report,@figureobj,specargin,
iris20140428/+report,@figureobj,figureobj,
iris20140428/+report,@figureobj,myplot,
iris20140428/+report,@figureobj,empty,
iris20140428/+report,@genericobj,findall,
iris20140428/+report,@genericobj,display,
iris20140428/+report,@genericobj,disp,
iris20140428/+report,@genericobj,copy,
iris20140428/+report,@genericobj,setoptions,
iris20140428/+report,@genericobj,specargin,
iris20140428/+report,@genericobj,genericobj,
iris20140428/+report,@genericobj,printcaption,
iris20140428/+report,@genericobj,shortclass,
iris20140428/+report,@genericobj,speclatexcode,
iris20140428/+report,@genericobj,root,
iris20140428/+report,@genericobj,latexcode,
iris20140428/+report,@genericobj,interpret,
iris20140428/+report,@genericobj,footnotenumber,
iris20140428/+report,@genericobj,footnotetext,
iris20140428/+report,@genericobj,footnotemark,
iris20140428/+report,@genericobj,addfigurehandle,
iris20140428/+report,@genericobj,addtempfile,
iris20140428/+report,@genericobj,endtypeface,
iris20140428/+report,@genericobj,begintypeface,
iris20140428/+report,@genericobj,accepts,
iris20140428/+report,@genericobj,mysubtitletypeface,
iris20140428/+report,@genericobj,mytitletypeface,
iris20140428/+report,@genericobj,validatecolstruct,
iris20140428/+report,@genericobj,turnbox,
iris20140428/+report,@genericobj,sprintf,
iris20140428/+report,@genericobj,makebox,
iris20140428/+report,@genericobj,empty,
iris20140428/+report,@graphobj,plot,
iris20140428/+report,@graphobj,subplot,
iris20140428/+report,@graphobj,specargin,
iris20140428/+report,@graphobj,graphobj,
iris20140428/+report,@graphobj,empty,
iris20140428/+report,@highlightobj,plot,
iris20140428/+report,@highlightobj,highlightobj,
iris20140428/+report,@highlightobj,empty,
iris20140428/+report,@hinfoobj,hinfoobj,
iris20140428/+report,@hinfoobj,outpstruct,
iris20140428/+report,@hinfoobj,empty,
iris20140428/+report,@includeobj,specargin,
iris20140428/+report,@includeobj,includeobj,
iris20140428/+report,@includeobj,speclatexcode,
iris20140428/+report,@includeobj,empty,
iris20140428/+report,@matrixobj,anycolname,
iris20140428/+report,@matrixobj,anyrowname,
iris20140428/+report,@matrixobj,setoptions,
iris20140428/+report,@matrixobj,specargin,
iris20140428/+report,@matrixobj,matrixobj,
iris20140428/+report,@matrixobj,speclatexcode,
iris20140428/+report,@matrixobj,empty,
iris20140428/+report,@modelfileobj,specargin,
iris20140428/+report,@modelfileobj,modelfileobj,
iris20140428/+report,@modelfileobj,speclatexcode,
iris20140428/+report,@modelfileobj,printmodelfile,
iris20140428/+report,@modelfileobj,empty,
iris20140428/+report,@pagebreakobj,setoptions,
iris20140428/+report,@pagebreakobj,specargin,
iris20140428/+report,@pagebreakobj,pagebreakobj,
iris20140428/+report,@pagebreakobj,speclatexcode,
iris20140428/+report,@pagebreakobj,empty,
iris20140428/+report,@reportobj,publish,
iris20140428/+report,@reportobj,merge,
iris20140428/+report,@reportobj,cleanup,
iris20140428/+report,@reportobj,delete,
iris20140428/+report,@reportobj,setoptions,
iris20140428/+report,@reportobj,reportobj,
iris20140428/+report,@reportobj,speclatexcode,
iris20140428/+report,@reportobj,add,
iris20140428/+report,@reportobj,subheading,
iris20140428/+report,@reportobj,highlight,
iris20140428/+report,@reportobj,vline,
iris20140428/+report,@reportobj,fanchart,
iris20140428/+report,@reportobj,band,
iris20140428/+report,@reportobj,series,
iris20140428/+report,@reportobj,graph,
iris20140428/+report,@reportobj,empty,
iris20140428/+report,@reportobj,align,
iris20140428/+report,@reportobj,clearpage,
iris20140428/+report,@reportobj,pagebreak,
iris20140428/+report,@reportobj,modelfile,
iris20140428/+report,@reportobj,include,
iris20140428/+report,@reportobj,text,
iris20140428/+report,@reportobj,texcommand,
iris20140428/+report,@reportobj,tex,
iris20140428/+report,@reportobj,userfigure,
iris20140428/+report,@reportobj,figure,
iris20140428/+report,@reportobj,array,
iris20140428/+report,@reportobj,matrix,
iris20140428/+report,@reportobj,table,
iris20140428/+report,@reportobj,section,
iris20140428/+report,@sectionobj,specargin,
iris20140428/+report,@sectionobj,sectionobj,
iris20140428/+report,@sectionobj,speclatexcode,
iris20140428/+report,@sectionobj,empty,
iris20140428/+report,@seriesobj,getdata,
iris20140428/+report,@seriesobj,autodata,
iris20140428/+report,@seriesobj,latexdata,
iris20140428/+report,@seriesobj,latexonerow,
iris20140428/+report,@seriesobj,plot,
iris20140428/+report,@seriesobj,setoptions,
iris20140428/+report,@seriesobj,specargin,
iris20140428/+report,@seriesobj,seriesobj,
iris20140428/+report,@seriesobj,speclatexcode,
iris20140428/+report,@seriesobj,mylegend,
iris20140428/+report,@seriesobj,empty,
iris20140428/+report,@subheadingobj,setoptions,
iris20140428/+report,@subheadingobj,specargin,
iris20140428/+report,@subheadingobj,subheadingobj,
iris20140428/+report,@subheadingobj,speclatexcode,
iris20140428/+report,@subheadingobj,empty,
iris20140428/+report,@tableobj,headline,
iris20140428/+report,@tableobj,setoptions,
iris20140428/+report,@tableobj,tableobj,
iris20140428/+report,@tableobj,speclatexcode,
iris20140428/+report,@tableobj,empty,
iris20140428/+report,@tabularobj,colspec,
iris20140428/+report,@tabularobj,finishsideways,
iris20140428/+report,@tabularobj,beginsideways,
iris20140428/+report,@tabularobj,finishwrapper,
iris20140428/+report,@tabularobj,beginwrapper,
iris20140428/+report,@tabularobj,finish,
iris20140428/+report,@tabularobj,begin,
iris20140428/+report,@tabularobj,setoptions,
iris20140428/+report,@tabularobj,tabularobj,
iris20140428/+report,@tabularobj,empty,
iris20140428/+report,@texcommandobj,specargin,
iris20140428/+report,@texcommandobj,texcommandobj,
iris20140428/+report,@texcommandobj,speclatexcode,
iris20140428/+report,@texcommandobj,empty,
iris20140428/+report,@texobj,specargin,
iris20140428/+report,@texobj,texobj,
iris20140428/+report,@texobj,speclatexcode,
iris20140428/+report,@texobj,empty,
iris20140428/+report,@userfigureobj,setoptions,
iris20140428/+report,@userfigureobj,specargin,
iris20140428/+report,@userfigureobj,userfigureobj,
iris20140428/+report,@userfigureobj,myloadfig,
iris20140428/+report,@userfigureobj,mysavefig,
iris20140428/+report,@userfigureobj,myplot,
iris20140428/+report,@userfigureobj,empty,
iris20140428/+report,@userinputobj,specargin,
iris20140428/+report,@userinputobj,userinputobj,
iris20140428/+report,@userinputobj,speclatexcode,
iris20140428/+report,@userinputobj,empty,
iris20140428/+report,@vlineobj,plot,
iris20140428/+report,@vlineobj,vlineobj,
iris20140428/+report,@vlineobj,empty,
iris20140428/+setup,,,Contents
iris20140428/+simulate,,,antunantfunc
iris20140428/+simulate,,,contributions
iris20140428/+simulate,,,exogenise
iris20140428/+simulate,,,findsegments
iris20140428/+simulate,,,linear
iris20140428/+simulate,,,multipliers
iris20140428/+simulate,,,nonlinear
iris20140428/+simulate,,,plainlinear
iris20140428/+simulate,,,segment
iris20140428/+simulate,,,updatemean
iris20140428/+simulate,,,updatemse
iris20140428/+sstatelang,,,Contents
iris20140428/+sstatelang,,,allbut
iris20140428/+sstatelang,,,equations
iris20140428/+sstatelang,,,growthnames
iris20140428/+sstatelang,,,growthnames2imag
iris20140428/+sstatelang,,,input
iris20140428/+sstatelang,,,logvariables
iris20140428/+sstatelang,,,solvefor
iris20140428/+sstatelang,,,symbolic
iris20140428/+strfun,,,char2file
iris20140428/+strfun,,,charlist2cellstr
iris20140428/+strfun,,,converteols
iris20140428/+strfun,,,cslist
iris20140428/+strfun,,,displist
iris20140428/+strfun,,,ellipsis
iris20140428/+strfun,,,emptycellstr
iris20140428/+strfun,,,file2char
iris20140428/+strfun,,,findnames
iris20140428/+strfun,,,findremove
iris20140428/+strfun,,,grabtext
iris20140428/+strfun,,,loosespace
iris20140428/+strfun,,,matchbrk
iris20140428/+strfun,,,matchindex
iris20140428/+strfun,,,maxdisp
iris20140428/+strfun,,,nonunique
iris20140428/+strfun,,,removeltel
iris20140428/+strfun,,,removetrails
iris20140428/+strfun,,,strcmporregexp
iris20140428/+strfun,,,strrepoutside
iris20140428/+strfun,,,unique
iris20140428/+strfun,,,vectorise
iris20140428/+thirdparty,,,kde
iris20140428/+thirdparty/+x12,,,x12
iris20140428/+timedom,,,fevd
iris20140428/+timedom,,,filterxf
iris20140428/+timedom,,,fixcov
iris20140428/+timedom,,,fmse
iris20140428/+timedom,,,icrf
iris20140428/+timedom,,,multiplierea
iris20140428/+timedom,,,multipliereu
iris20140428/+timedom,,,multiplierinit
iris20140428/+timedom,,,simulatemean
iris20140428/+timedom,,,srf
iris20140428/+timedom,,,var2vma
iris20140428/+timedom,,,varsmoother
iris20140428/+utils,,,altersubs
iris20140428/+utils,,,any2str
iris20140428/+utils,,,autosubplot
iris20140428/+utils,,,cell2csv
iris20140428/+utils,,,concomment
iris20140428/+utils,,,datacursor
iris20140428/+utils,,,displaystack
iris20140428/+utils,,,error
iris20140428/+utils,,,errorparsing
iris20140428/+utils,,,findlast
iris20140428/+utils,,,getstack
iris20140428/+utils,,,iff
iris20140428/+utils,,,ndprop
iris20140428/+utils,,,savecsvdata
iris20140428/+utils,,,warning
